{"recall_macro": 0.8316515304406323, "precision_macro": 0.87091437482611}